GAME_ID,TEAM_ID,TEAM_ABBREVIATION,PLAYER_ID,PLAYER_NAME,START_POSITION,MIN,PTS,REB,AST,STL,BLK,TO,FGM,FGA,FG_PCT,FG3M,FG3A,FG3_PCT,FTM,FTA,FT_PCT,OREB,DREB,PF,PLUS_MINUS,MIN_DECIMAL,EFG_PCT,TS_PCT,AST_TO_RATIO,THREE_POINT_RATE,PTS_PER_MIN,FREE_THROW_RATE,REB_PER_MIN,AST_PER_MIN,STOCKS,EFFICIENCY
42500401,1610612752,NYK,1628404,Josh Hart,F,26:47,3.0,15.0,6.0,4.0,1.0,0.0,1.0,5.0,0.2,0.0,3.0,0.0,1.0,1.0,1.0,2.0,13.0,4.0,22.0,26.783333333333335,0.2,0.275735294117647,,0.6,0.11200995644057249,0.2,0.5600497822028624,0.22401991288114498,5.0,25.0
42500401,1610612752,NYK,1628384,OG Anunoby,F,31:07,17.0,3.0,0.0,1.0,1.0,0.0,5.0,12.0,0.417,3.0,6.0,0.5,4.0,4.0,1.0,0.0,3.0,0.0,-6.0,31.116666666666667,0.5416666666666666,0.6177325581395349,,0.5,0.5463310123192286,0.3333333333333333,0.09641135511515801,0.0,2.0,15.0
42500401,1610612752,NYK,1626157,Karl-Anthony Towns,C,34:22,18.0,12.0,4.0,0.0,1.0,2.0,7.0,15.0,0.467,0.0,2.0,0.0,4.0,4.0,1.0,4.0,8.0,4.0,14.0,34.36666666666667,0.4666666666666667,0.5369928400954653,2.0,0.13333333333333333,0.5237633365664404,0.26666666666666666,0.3491755577109602,0.11639185257032007,1.0,25.0
42500401,1610612752,NYK,1628969,Mikal Bridges,G,28:12,9.0,3.0,3.0,2.0,0.0,1.0,3.0,6.0,0.5,0.0,0.0,0.0,3.0,4.0,0.75,2.0,1.0,3.0,11.0,28.2,0.5,0.5798969072164949,3.0,0.0,0.3191489361702128,0.6666666666666666,0.10638297872340426,0.10638297872340426,2.0,12.0
42500401,1610612752,NYK,1628973,Jalen Brunson,G,37:03,30.0,3.0,2.0,0.0,0.0,4.0,12.0,31.0,0.387,2.0,9.0,0.222,4.0,4.0,1.0,1.0,2.0,2.0,6.0,37.05,0.41935483870967744,0.4578754578754579,0.5,0.2903225806451613,0.8097165991902835,0.12903225806451613,0.08097165991902834,0.05398110661268556,0.0,12.0
42500401,1610612752,NYK,1629013,Landry Shamet,,33:16,13.0,1.0,0.0,0.0,0.0,0.0,5.0,9.0,0.556,3.0,6.0,0.5,0.0,0.0,0.0,0.0,1.0,4.0,-10.0,33.266666666666666,0.7222222222222222,0.7222222222222222,,0.6666666666666666,0.3907815631262525,0.0,0.030060120240480964,0.0,0.0,10.0
42500401,1610612752,NYK,1630540,Miles McBride,,19:28,6.0,1.0,4.0,0.0,1.0,0.0,2.0,7.0,0.286,2.0,6.0,0.333,0.0,0.0,0.0,0.0,1.0,1.0,11.0,19.466666666666665,0.42857142857142855,0.42857142857142855,,0.8571428571428571,0.3082191780821918,0.0,0.051369863013698634,0.20547945205479454,1.0,7.0
42500401,1610612752,NYK,1629011,Mitchell Robinson,,13:09,2.0,6.0,0.0,0.0,0.0,0.0,1.0,2.0,0.5,0.0,0.0,0.0,0.0,1.0,0.0,1.0,5.0,1.0,-4.0,13.15,0.5,0.4098360655737705,,0.0,0.1520912547528517,0.5,0.45627376425855515,0.0,0.0,6.0
42500401,1610612752,NYK,1630631,Jose Alvarado,,10:57,7.0,4.0,1.0,1.0,0.0,1.0,3.0,6.0,0.5,1.0,3.0,0.333,0.0,0.0,0.0,0.0,4.0,3.0,4.0,10.95,0.5833333333333334,0.5833333333333334,1.0,0.5,0.6392694063926941,0.0,0.36529680365296807,0.09132420091324202,1.0,9.0
42500401,1610612752,NYK,203903,Jordan Clarkson,,5:39,0.0,1.0,0.0,0.0,0.0,0.0,0.0,1.0,0.0,0.0,1.0,0.0,0.0,0.0,0.0,0.0,1.0,1.0,2.0,5.65,0.0,0.0,,1.0,0.0,0.0,0.17699115044247787,0.0,0.0,0.0
42500401,1610612752,NYK,1642359,Pacôme Dadiet,,,,,,,,,,,,,,,,,,,,,,,,,,,,,,,,
42500401,1610612752,NYK,1642885,Mohamed Diawara,,,,,,,,,,,,,,,,,,,,,,,,,,,,,,,,
42500401,1610612752,NYK,1630574,Ariel Hukporti,,,,,,,,,,,,,,,,,,,,,,,,,,,,,,,,
42500401,1610612752,NYK,1642278,Tyler Kolek,,,,,,,,,,,,,,,,,,,,,,,,,,,,,,,,
42500401,1610612752,NYK,1631110,Jeremy Sochan,,,,,,,,,,,,,,,,,,,,,,,,,,,,,,,,
42500401,1610612759,SAS,1630170,Devin Vassell,F,36:01,9.0,9.0,3.0,0.0,0.0,1.0,4.0,11.0,0.364,1.0,6.0,0.167,0.0,0.0,0.0,4.0,5.0,1.0,-13.0,36.016666666666666,0.4090909090909091,0.4090909090909091,3.0,0.5454545454545454,0.24988431281813975,0.0,0.24988431281813975,0.08329477093937993,0.0,13.0
42500401,1610612759,SAS,1630577,Julian Champagnie,F,31:13,16.0,10.0,1.0,0.0,1.0,0.0,5.0,11.0,0.455,5.0,10.0,0.5,1.0,2.0,0.5,3.0,7.0,2.0,-8.0,31.216666666666665,0.6818181818181818,0.6734006734006733,,0.9090909090909091,0.5125467164975974,0.18181818181818182,0.3203416978109984,0.03203416978109984,1.0,21.0
42500401,1610612759,SAS,1641705,Victor Wembanyama,C,37:48,26.0,12.0,2.0,1.0,3.0,6.0,6.0,21.0,0.286,2.0,9.0,0.222,12.0,13.0,0.923,3.0,9.0,2.0,-3.0,37.8,0.3333333333333333,0.48652694610778446,0.3333333333333333,0.42857142857142855,0.6878306878306879,0.6190476190476191,0.3174603174603175,0.052910052910052914,4.0,22.0
42500401,1610612759,SAS,1642264,Stephon Castle,G,34:27,17.0,8.0,3.0,0.0,0.0,2.0,7.0,16.0,0.438,1.0,5.0,0.2,2.0,2.0,1.0,3.0,5.0,3.0,-9.0,34.45,0.46875,0.5035545023696683,1.5,0.3125,0.49346879535558774,0.125,0.23222060957910012,0.08708272859216255,0.0,17.0
42500401,1610612759,SAS,1628368,De'Aaron Fox,G,37:55,7.0,4.0,5.0,1.0,0.0,3.0,3.0,13.0,0.231,0.0,4.0,0.0,1.0,2.0,0.5,0.0,4.0,5.0,0.0,37.916666666666664,0.23076923076923078,0.2521613832853026,1.6666666666666667,0.3076923076923077,0.18461538461538463,0.15384615384615385,0.1054945054945055,0.13186813186813187,1.0,3.0
42500401,1610612759,SAS,1642844,Dylan Harper,,27:31,16.0,8.0,1.0,1.0,0.0,1.0,6.0,10.0,0.6,1.0,4.0,0.25,3.0,3.0,1.0,0.0,8.0,2.0,-5.0,27.516666666666666,0.65,0.7067137809187279,1.0,0.4,0.5814657783161721,0.3,0.29073288915808604,0.036341611144760755,1.0,21.0
42500401,1610612759,SAS,1629640,Keldon Johnson,,8:20,3.0,0.0,0.0,0.0,0.0,0.0,1.0,4.0,0.25,1.0,2.0,0.5,0.0,0.0,0.0,0.0,0.0,3.0,1.0,8.333333333333334,0.375,0.375,,0.5,0.36,0.0,0.0,0.0,0.0,0.0
42500401,1610612759,SAS,1628436,Luke Kornet,,10:12,0.0,1.0,0.0,1.0,0.0,0.0,0.0,0.0,0.0,0.0,0.0,0.0,0.0,0.0,0.0,0.0,1.0,3.0,-7.0,10.2,,,,,0.0,,0.09803921568627452,0.0,1.0,2.0
42500401,1610612759,SAS,203084,Harrison Barnes,,12:08,0.0,2.0,1.0,0.0,0.0,0.0,0.0,2.0,0.0,0.0,2.0,0.0,0.0,1.0,0.0,1.0,1.0,1.0,-2.0,12.133333333333333,0.0,0.0,,1.0,0.0,0.5,0.16483516483516483,0.08241758241758242,0.0,0.0
42500401,1610612759,SAS,1642868,Carter Bryant,,4:26,1.0,0.0,0.0,0.0,0.0,0.0,0.0,1.0,0.0,0.0,1.0,0.0,1.0,2.0,0.5,0.0,0.0,1.0,-4.0,4.433333333333334,0.0,0.26595744680851063,,1.0,0.22556390977443608,2.0,0.0,0.0,0.0,-1.0
42500401,1610612759,SAS,202687,Bismack Biyombo,,,,,,,,,,,,,,,,,,,,,,,,,,,,,,,,
42500401,1610612759,SAS,1629162,Jordan McLaughlin,,,,,,,,,,,,,,,,,,,,,,,,,,,,,,,,
42500401,1610612759,SAS,203482,Kelly Olynyk,,,,,,,,,,,,,,,,,,,,,,,,,,,,,,,,
42500401,1610612759,SAS,203486,Mason Plumlee,,,,,,,,,,,,,,,,,,,,,,,,,,,,,,,,
42500401,1610612759,SAS,1630322,Lindy Waters III,,,,,,,,,,,,,,,,,,,,,,,,,,,,,,,,
42500402,1610612752,NYK,1628404,Josh Hart,F,18:11,0.0,6.0,4.0,1.0,1.0,2.0,0.0,4.0,0.0,0.0,2.0,0.0,0.0,0.0,0.0,0.0,6.0,5.0,-3.0,18.183333333333334,0.0,0.0,2.0,0.5,0.0,0.0,0.32997250229147573,0.21998166819431714,2.0,6.0
42500402,1610612752,NYK,1628384,OG Anunoby,F,36:48,17.0,4.0,3.0,2.0,2.0,0.0,5.0,10.0,0.5,2.0,5.0,0.4,5.0,5.0,1.0,0.0,4.0,4.0,-9.0,36.8,0.6,0.6967213114754098,,0.5,0.4619565217391305,0.5,0.10869565217391305,0.08152173913043478,4.0,23.0
42500402,1610612752,NYK,1626157,Karl-Anthony Towns,C,33:56,21.0,13.0,4.0,1.0,1.0,2.0,8.0,12.0,0.667,3.0,5.0,0.6,2.0,2.0,1.0,3.0,10.0,5.0,11.0,33.93333333333333,0.7916666666666666,0.8152173913043478,2.0,0.4166666666666667,0.6188605108055011,0.16666666666666666,0.38310412573673874,0.11787819253438116,2.0,34.0
42500402,1610612752,NYK,1628969,Mikal Bridges,G,40:53,20.0,6.0,6.0,1.0,0.0,1.0,8.0,13.0,0.615,4.0,6.0,0.667,0.0,0.0,0.0,0.0,6.0,2.0,7.0,40.88333333333333,0.7692307692307693,0.7692307692307693,6.0,0.46153846153846156,0.48919690175295555,0.0,0.14675907052588666,0.14675907052588666,1.0,27.0
42500402,1610612752,NYK,1628973,Jalen Brunson,G,37:41,20.0,5.0,6.0,5.0,0.0,4.0,7.0,25.0,0.28,2.0,8.0,0.25,4.0,5.0,0.8,2.0,3.0,2.0,-10.0,37.68333333333333,0.32,0.36764705882352944,1.5,0.32,0.5307386112339674,0.2,0.13268465280849184,0.15922158337019018,5.0,13.0
42500402,1610612752,NYK,1630540,Miles McBride,,18:17,5.0,2.0,2.0,0.0,0.0,2.0,2.0,7.0,0.286,1.0,3.0,0.333,0.0,0.0,0.0,2.0,0.0,1.0,-1.0,18.283333333333335,0.35714285714285715,0.35714285714285715,1.0,0.42857142857142855,0.2734731084776663,0.0,0.10938924339106654,0.10938924339106654,0.0,2.0
42500402,1610612752,NYK,1629013,Landry Shamet,,30:09,13.0,2.0,2.0,0.0,1.0,0.0,5.0,12.0,0.417,3.0,7.0,0.429,0.0,0.0,0.0,0.0,2.0,0.0,9.0,30.15,0.5416666666666666,0.5416666666666666,,0.5833333333333334,0.4311774461028193,0.0,0.06633499170812604,0.06633499170812604,1.0,11.0
42500402,1610612752,NYK,1629011,Mitchell Robinson,,14:03,7.0,3.0,0.0,1.0,1.0,1.0,2.0,2.0,1.0,0.0,0.0,0.0,3.0,6.0,0.5,1.0,2.0,3.0,-10.0,14.05,1.0,0.7543103448275861,0.0,0.0,0.49822064056939497,3.0,0.21352313167259784,0.0,2.0,8.0
42500402,1610612752,NYK,1630631,Jose Alvarado,,10:03,2.0,3.0,2.0,0.0,0.0,0.0,0.0,4.0,0.0,0.0,2.0,0.0,2.0,3.0,0.667,2.0,1.0,1.0,11.0,10.05,0.0,0.18796992481203006,,0.5,0.1990049751243781,0.75,0.29850746268656714,0.1990049751243781,0.0,2.0
42500402,1610612752,NYK,203903,Jordan Clarkson,,,,,,,,,,,,,,,,,,,,,,,,,,,,,,,,
42500402,1610612752,NYK,1642359,Pacôme Dadiet,,,,,,,,,,,,,,,,,,,,,,,,,,,,,,,,
42500402,1610612752,NYK,1642885,Mohamed Diawara,,,,,,,,,,,,,,,,,,,,,,,,,,,,,,,,
42500402,1610612752,NYK,1630574,Ariel Hukporti,,,,,,,,,,,,,,,,,,,,,,,,,,,,,,,,
42500402,1610612752,NYK,1642278,Tyler Kolek,,,,,,,,,,,,,,,,,,,,,,,,,,,,,,,,
42500402,1610612752,NYK,1631110,Jeremy Sochan,,,,,,,,,,,,,,,,,,,,,,,,,,,,,,,,
42500402,1610612759,SAS,1630170,Devin Vassell,F,38:03,14.0,9.0,5.0,0.0,1.0,0.0,4.0,9.0,0.444,3.0,7.0,0.429,3.0,3.0,1.0,0.0,9.0,2.0,6.0,38.05,0.6111111111111112,0.6782945736434108,,0.7777777777777778,0.3679369250985546,0.3333333333333333,0.23653088042049936,0.1314060446780552,1.0,24.0
42500402,1610612759,SAS,1630577,Julian Champagnie,F,35:58,8.0,4.0,1.0,0.0,1.0,0.0,2.0,6.0,0.333,2.0,5.0,0.4,2.0,2.0,1.0,0.0,4.0,2.0,-8.0,35.96666666666667,0.5,0.5813953488372093,,0.8333333333333334,0.22242817423540315,0.3333333333333333,0.11121408711770157,0.027803521779425393,1.0,10.0
42500402,1610612759,SAS,1641705,Victor Wembanyama,C,40:19,29.0,9.0,2.0,2.0,4.0,4.0,11.0,21.0,0.524,2.0,6.0,0.333,5.0,8.0,0.625,3.0,6.0,2.0,6.0,40.31666666666667,0.5714285714285714,0.5913539967373572,0.5,0.2857142857142857,0.7193054981397271,0.38095238095238093,0.22323274080198427,0.049607275733774284,6.0,29.0
42500402,1610612759,SAS,1642264,Stephon Castle,G,27:43,14.0,4.0,4.0,1.0,0.0,4.0,5.0,14.0,0.357,2.0,4.0,0.5,2.0,4.0,0.5,0.0,4.0,4.0,-6.0,27.716666666666665,0.42857142857142855,0.44416243654822335,1.0,0.2857142857142857,0.5051112447384246,0.2857142857142857,0.14431749849669273,0.14431749849669273,1.0,8.0
42500402,1610612759,SAS,1628368,De'Aaron Fox,G,33:50,20.0,3.0,5.0,1.0,1.0,4.0,8.0,12.0,0.667,2.0,2.0,1.0,2.0,2.0,1.0,0.0,3.0,2.0,2.0,33.833333333333336,0.75,0.7763975155279502,1.25,0.16666666666666666,0.5911330049261083,0.16666666666666666,0.08866995073891625,0.14778325123152708,2.0,22.0
42500402,1610612759,SAS,1642844,Dylan Harper,,32:16,15.0,6.0,3.0,1.0,0.0,2.0,6.0,12.0,0.5,0.0,3.0,0.0,3.0,4.0,0.75,1.0,5.0,3.0,12.0,32.266666666666666,0.5,0.5450581395348837,1.5,0.25,0.46487603305785125,0.3333333333333333,0.18595041322314051,0.09297520661157026,1.0,16.0
42500402,1610612759,SAS,1629640,Keldon Johnson,,15:42,3.0,4.0,2.0,1.0,0.0,1.0,1.0,4.0,0.25,0.0,2.0,0.0,1.0,2.0,0.5,1.0,3.0,1.0,-5.0,15.7,0.25,0.3073770491803279,2.0,0.5,0.1910828025477707,0.5,0.25477707006369427,0.12738853503184713,1.0,5.0
42500402,1610612759,SAS,1628436,Luke Kornet,,7:51,1.0,3.0,0.0,1.0,0.0,0.0,0.0,0.0,0.0,0.0,0.0,0.0,1.0,2.0,0.5,0.0,3.0,2.0,-7.0,7.85,,0.5681818181818182,,,0.12738853503184713,,0.3821656050955414,0.0,1.0,4.0
42500402,1610612759,SAS,1642868,Carter Bryant,,3:28,0.0,0.0,0.0,0.0,0.0,1.0,0.0,0.0,0.0,0.0,0.0,0.0,0.0,0.0,0.0,0.0,0.0,2.0,0.0,3.466666666666667,,,0.0,,0.0,,0.0,0.0,0.0,-1.0
42500402,1610612759,SAS,203084,Harrison Barnes,,4:51,0.0,0.0,0.0,0.0,0.0,0.0,0.0,0.0,0.0,0.0,0.0,0.0,0.0,0.0,0.0,0.0,0.0,0.0,-5.0,4.85,,,,,0.0,,0.0,0.0,0.0,0.0
42500402,1610612759,SAS,202687,Bismack Biyombo,,,,,,,,,,,,,,,,,,,,,,,,,,,,,,,,
42500402,1610612759,SAS,1629162,Jordan McLaughlin,,,,,,,,,,,,,,,,,,,,,,,,,,,,,,,,
42500402,1610612759,SAS,203482,Kelly Olynyk,,,,,,,,,,,,,,,,,,,,,,,,,,,,,,,,
42500402,1610612759,SAS,203486,Mason Plumlee,,,,,,,,,,,,,,,,,,,,,,,,,,,,,,,,
42500402,1610612759,SAS,1630322,Lindy Waters III,,,,,,,,,,,,,,,,,,,,,,,,,,,,,,,,
42500403,1610612759,SAS,1630577,Julian Champagnie,F,26:40,12.0,1.0,3.0,1.0,0.0,0.0,4.0,9.0,0.444,3.0,7.0,0.429,1.0,2.0,0.5,0.0,1.0,1.0,8.0,26.666666666666668,0.6111111111111112,0.6072874493927125,,0.7777777777777778,0.44999999999999996,0.2222222222222222,0.0375,0.11249999999999999,1.0,11.0
42500403,1610612759,SAS,1630170,Devin Vassell,F,38:04,11.0,4.0,0.0,0.0,0.0,1.0,3.0,4.0,0.75,3.0,4.0,0.75,2.0,3.0,0.667,0.0,4.0,3.0,12.0,38.06666666666667,1.125,1.0338345864661653,0.0,1.0,0.2889667250437828,0.75,0.10507880910683011,0.0,0.0,12.0
42500403,1610612759,SAS,1641705,Victor Wembanyama,C,38:44,32.0,8.0,6.0,2.0,3.0,1.0,11.0,18.0,0.611,2.0,4.0,0.5,8.0,9.0,0.889,1.0,7.0,3.0,7.0,38.733333333333334,0.6666666666666666,0.7285974499089253,6.0,0.2222222222222222,0.8261617900172117,0.5,0.20654044750430292,0.1549053356282272,5.0,42.0
42500403,1610612759,SAS,1642264,Stephon Castle,G,38:02,23.0,5.0,5.0,1.0,1.0,2.0,8.0,14.0,0.571,2.0,5.0,0.4,5.0,6.0,0.833,1.0,4.0,4.0,6.0,38.03333333333333,0.6428571428571429,0.6911057692307692,2.5,0.35714285714285715,0.6047326906222612,0.42857142857142855,0.13146362839614373,0.13146362839614373,2.0,26.0
42500403,1610612759,SAS,1628368,De'Aaron Fox,G,36:41,12.0,3.0,8.0,1.0,2.0,2.0,4.0,14.0,0.286,0.0,5.0,0.0,4.0,4.0,1.0,0.0,3.0,3.0,-7.0,36.68333333333333,0.2857142857142857,0.3807106598984772,4.0,0.35714285714285715,0.32712403452975924,0.2857142857142857,0.08178100863243981,0.21808268968650615,3.0,14.0
42500403,1610612759,SAS,1642844,Dylan Harper,,32:00,13.0,9.0,4.0,0.0,0.0,0.0,5.0,18.0,0.278,1.0,8.0,0.125,2.0,2.0,1.0,1.0,8.0,1.0,-8.0,32.0,0.3055555555555556,0.3442796610169492,,0.4444444444444444,0.40625,0.1111111111111111,0.28125,0.125,0.0,13.0
42500403,1610612759,SAS,1629640,Keldon Johnson,,16:45,7.0,2.0,0.0,1.0,0.0,2.0,3.0,5.0,0.6,0.0,0.0,0.0,1.0,4.0,0.25,0.0,2.0,3.0,14.0,16.75,0.6,0.5177514792899408,0.0,0.0,0.417910447761194,0.8,0.11940298507462686,0.0,1.0,3.0
42500403,1610612759,SAS,1628436,Luke Kornet,,9:16,2.0,5.0,2.0,1.0,0.0,0.0,0.0,1.0,0.0,0.0,0.0,0.0,2.0,2.0,1.0,3.0,2.0,1.0,-3.0,9.266666666666667,0.0,0.5319148936170213,,0.0,0.2158273381294964,2.0,0.539568345323741,0.2158273381294964,1.0,9.0
42500403,1610612759,SAS,1642868,Carter Bryant,,3:48,3.0,0.0,0.0,0.0,1.0,0.0,1.0,1.0,1.0,1.0,1.0,1.0,0.0,0.0,0.0,0.0,0.0,2.0,-9.0,3.8,1.5,1.5,,1.0,0.7894736842105263,0.0,0.0,0.0,1.0,4.0
42500403,1610612759,SAS,203084,Harrison Barnes,,,,,,,,,,,,,,,,,,,,,,,,,,,,,,,,
42500403,1610612759,SAS,202687,Bismack Biyombo,,,,,,,,,,,,,,,,,,,,,,,,,,,,,,,,
42500403,1610612759,SAS,1629162,Jordan McLaughlin,,,,,,,,,,,,,,,,,,,,,,,,,,,,,,,,
42500403,1610612759,SAS,203482,Kelly Olynyk,,,,,,,,,,,,,,,,,,,,,,,,,,,,,,,,
42500403,1610612759,SAS,203486,Mason Plumlee,,,,,,,,,,,,,,,,,,,,,,,,,,,,,,,,
42500403,1610612759,SAS,1630322,Lindy Waters III,,,,,,,,,,,,,,,,,,,,,,,,,,,,,,,,
42500403,1610612752,NYK,1628384,OG Anunoby,F,37:57,28.0,5.0,1.0,0.0,2.0,1.0,9.0,13.0,0.692,3.0,7.0,0.429,7.0,9.0,0.778,0.0,5.0,2.0,-3.0,37.95,0.8076923076923077,0.8254716981132075,1.0,0.5384615384615384,0.7378129117259552,0.6923076923076923,0.13175230566534912,0.026350461133069828,2.0,29.0
42500403,1610612752,NYK,1628404,Josh Hart,F,34:55,16.0,9.0,5.0,0.0,0.0,2.0,6.0,10.0,0.6,4.0,7.0,0.571,0.0,0.0,0.0,1.0,8.0,2.0,-7.0,34.916666666666664,0.8,0.8,2.5,0.7,0.45823389021479716,0.0,0.2577565632458234,0.1431980906921241,0.0,24.0
42500403,1610612752,NYK,1626157,Karl-Anthony Towns,C,38:02,11.0,8.0,1.0,3.0,2.0,1.0,4.0,10.0,0.4,0.0,2.0,0.0,3.0,3.0,1.0,2.0,6.0,4.0,6.0,38.03333333333333,0.4,0.48586572438162545,1.0,0.2,0.2892199824715162,0.3,0.21034180543383,0.02629272567922875,5.0,18.0
42500403,1610612752,NYK,1628969,Mikal Bridges,G,28:43,2.0,5.0,2.0,0.0,1.0,1.0,1.0,5.0,0.2,0.0,3.0,0.0,0.0,0.0,0.0,0.0,5.0,4.0,11.0,28.716666666666665,0.2,0.2,2.0,0.6,0.06964596633778294,0.0,0.17411491584445735,0.06964596633778294,1.0,5.0
42500403,1610612752,NYK,1628973,Jalen Brunson,G,35:27,32.0,5.0,5.0,0.0,0.0,5.0,11.0,25.0,0.44,3.0,5.0,0.6,7.0,8.0,0.875,2.0,3.0,5.0,-9.0,35.45,0.5,0.5610098176718092,1.0,0.2,0.9026798307475317,0.32,0.1410437235543018,0.1410437235543018,0.0,22.0
42500403,1610612752,NYK,1629013,Landry Shamet,,23:24,3.0,4.0,2.0,0.0,1.0,0.0,1.0,8.0,0.125,1.0,7.0,0.143,0.0,0.0,0.0,2.0,2.0,5.0,-20.0,23.4,0.1875,0.1875,,0.875,0.12820512820512822,0.0,0.17094017094017094,0.08547008547008547,1.0,3.0
42500403,1610612752,NYK,1630540,Miles McBride,,8:40,0.0,0.0,0.0,0.0,0.0,1.0,0.0,2.0,0.0,0.0,2.0,0.0,0.0,0.0,0.0,0.0,0.0,0.0,2.0,8.666666666666666,0.0,0.0,0.0,1.0,0.0,0.0,0.0,0.0,0.0,-3.0
42500403,1610612752,NYK,1629011,Mitchell Robinson,,7:04,5.0,4.0,0.0,0.0,0.0,0.0,2.0,3.0,0.667,0.0,0.0,0.0,1.0,2.0,0.5,4.0,0.0,0.0,-13.0,7.066666666666666,0.6666666666666666,0.6443298969072165,,0.0,0.7075471698113208,0.6666666666666666,0.5660377358490566,0.0,0.0,7.0
42500403,1610612752,NYK,1630631,Jose Alvarado,,12:23,4.0,3.0,1.0,0.0,0.0,0.0,2.0,5.0,0.4,0.0,2.0,0.0,0.0,0.0,0.0,0.0,3.0,1.0,5.0,12.383333333333333,0.4,0.4,,0.4,0.3230148048452221,0.0,0.24226110363391656,0.08075370121130553,0.0,5.0
42500403,1610612752,NYK,203903,Jordan Clarkson,,13:15,10.0,3.0,1.0,1.0,0.0,2.0,4.0,7.0,0.571,2.0,2.0,1.0,0.0,0.0,0.0,1.0,2.0,0.0,8.0,13.25,0.7142857142857143,0.7142857142857143,0.5,0.2857142857142857,0.7547169811320755,0.0,0.22641509433962265,0.07547169811320754,1.0,10.0
42500403,1610612752,NYK,1631110,Jeremy Sochan,,0:10,0.0,0.0,0.0,0.0,0.0,0.0,0.0,0.0,0.0,0.0,0.0,0.0,0.0,0.0,0.0,0.0,0.0,0.0,0.0,0.16666666666666666,,,,,0.0,,0.0,0.0,0.0,0.0
42500403,1610612752,NYK,1642359,Pacôme Dadiet,,,,,,,,,,,,,,,,,,,,,,,,,,,,,,,,
42500403,1610612752,NYK,1642885,Mohamed Diawara,,,,,,,,,,,,,,,,,,,,,,,,,,,,,,,,
42500403,1610612752,NYK,1630574,Ariel Hukporti,,,,,,,,,,,,,,,,,,,,,,,,,,,,,,,,
42500403,1610612752,NYK,1642278,Tyler Kolek,,,,,,,,,,,,,,,,,,,,,,,,,,,,,,,,
42500404,1610612759,SAS,1630577,Julian Champagnie,F,33:00,5.0,5.0,3.0,4.0,0.0,0.0,2.0,9.0,0.222,1.0,7.0,0.143,0.0,0.0,0.0,0.0,5.0,1.0,-4.0,33.0,0.2777777777777778,0.2777777777777778,,0.7777777777777778,0.15151515151515152,0.0,0.15151515151515152,0.09090909090909091,4.0,10.0
42500404,1610612759,SAS,1630170,Devin Vassell,F,40:21,18.0,5.0,4.0,1.0,0.0,1.0,6.0,9.0,0.667,5.0,8.0,0.625,1.0,1.0,1.0,1.0,4.0,2.0,-7.0,40.35,0.9444444444444444,0.9533898305084746,4.0,0.8888888888888888,0.44609665427509293,0.1111111111111111,0.12391573729863692,0.09913258983890953,1.0,24.0
42500404,1610612759,SAS,1641705,Victor Wembanyama,C,43:55,24.0,13.0,1.0,0.0,3.0,0.0,9.0,25.0,0.36,2.0,8.0,0.25,4.0,7.0,0.571,5.0,8.0,1.0,1.0,43.916666666666664,0.4,0.4273504273504274,,0.32,0.5464895635673624,0.28,0.29601518026565465,0.022770398481973434,3.0,22.0
42500404,1610612759,SAS,1642264,Stephon Castle,G,25:56,13.0,5.0,5.0,0.0,0.0,3.0,2.0,7.0,0.286,1.0,3.0,0.333,8.0,8.0,1.0,2.0,3.0,5.0,-11.0,25.933333333333334,0.35714285714285715,0.6178707224334601,1.6666666666666667,0.42857142857142855,0.5012853470437018,1.1428571428571428,0.1928020565552699,0.1928020565552699,0.0,15.0
42500404,1610612759,SAS,1628368,De'Aaron Fox,G,37:25,18.0,5.0,7.0,2.0,1.0,4.0,6.0,16.0,0.375,4.0,9.0,0.444,2.0,2.0,1.0,2.0,3.0,3.0,1.0,37.416666666666664,0.5,0.533175355450237,1.75,0.5625,0.48106904231625836,0.125,0.133630289532294,0.1870824053452116,3.0,19.0
42500404,1610612759,SAS,1642844,Dylan Harper,,32:16,21.0,4.0,3.0,0.0,0.0,3.0,8.0,12.0,0.667,3.0,6.0,0.5,2.0,2.0,1.0,0.0,4.0,3.0,12.0,32.266666666666666,0.7916666666666666,0.8152173913043478,1.0,0.5,0.6508264462809917,0.16666666666666666,0.12396694214876033,0.09297520661157026,0.0,21.0
42500404,1610612759,SAS,1629640,Keldon Johnson,,18:02,2.0,4.0,1.0,1.0,0.0,0.0,1.0,5.0,0.2,0.0,1.0,0.0,0.0,0.0,0.0,2.0,2.0,2.0,-1.0,18.033333333333335,0.2,0.2,,0.2,0.11090573012939,0.0,0.22181146025878,0.055452865064695,1.0,4.0
42500404,1610612759,SAS,1628436,Luke Kornet,,4:05,0.0,0.0,0.0,1.0,0.0,0.0,0.0,0.0,0.0,0.0,0.0,0.0,0.0,0.0,0.0,0.0,0.0,3.0,-2.0,4.083333333333333,,,,,0.0,,0.0,0.0,1.0,1.0
42500404,1610612759,SAS,1642868,Carter Bryant,,5:00,5.0,1.0,0.0,1.0,0.0,0.0,2.0,3.0,0.667,1.0,1.0,1.0,0.0,0.0,0.0,0.0,1.0,1.0,6.0,5.0,0.8333333333333334,0.8333333333333334,,0.3333333333333333,1.0,0.0,0.2,0.0,1.0,6.0
42500404,1610612759,SAS,203084,Harrison Barnes,,,,,,,,,,,,,,,,,,,,,,,,,,,,,,,,
42500404,1610612759,SAS,202687,Bismack Biyombo,,,,,,,,,,,,,,,,,,,,,,,,,,,,,,,,
42500404,1610612759,SAS,1629162,Jordan McLaughlin,,,,,,,,,,,,,,,,,,,,,,,,,,,,,,,,
42500404,1610612759,SAS,203482,Kelly Olynyk,,,,,,,,,,,,,,,,,,,,,,,,,,,,,,,,
42500404,1610612759,SAS,203486,Mason Plumlee,,,,,,,,,,,,,,,,,,,,,,,,,,,,,,,,
42500404,1610612759,SAS,1630322,Lindy Waters III,,,,,,,,,,,,,,,,,,,,,,,,,,,,,,,,
42500404,1610612752,NYK,1628384,OG Anunoby,F,41:28,33.0,4.0,1.0,1.0,1.0,1.0,10.0,15.0,0.667,7.0,9.0,0.778,6.0,6.0,1.0,1.0,3.0,2.0,-1.0,41.46666666666667,0.9,0.9353741496598639,1.0,0.6,0.7958199356913183,0.4,0.09646302250803858,0.024115755627009645,2.0,34.0
42500404,1610612752,NYK,1628404,Josh Hart,F,32:48,6.0,8.0,6.0,2.0,0.0,2.0,2.0,4.0,0.5,1.0,2.0,0.5,1.0,3.0,0.333,2.0,6.0,3.0,11.0,32.8,0.625,0.5639097744360902,3.0,0.5,0.1829268292682927,0.75,0.24390243902439027,0.1829268292682927,2.0,16.0
42500404,1610612752,NYK,1626157,Karl-Anthony Towns,C,25:45,13.0,10.0,2.0,0.0,0.0,3.0,4.0,5.0,0.8,1.0,1.0,1.0,4.0,4.0,1.0,2.0,8.0,4.0,17.0,25.75,0.9,0.9615384615384616,0.6666666666666666,0.2,0.5048543689320388,0.8,0.3883495145631068,0.07766990291262135,0.0,21.0
42500404,1610612752,NYK,1628969,Mikal Bridges,G,28:07,7.0,2.0,2.0,0.0,0.0,0.0,3.0,9.0,0.333,1.0,3.0,0.333,0.0,0.0,0.0,0.0,2.0,0.0,-2.0,28.116666666666667,0.3888888888888889,0.3888888888888889,,0.3333333333333333,0.24896265560165975,0.0,0.07113218731475993,0.07113218731475993,0.0,5.0
42500404,1610612752,NYK,1628973,Jalen Brunson,G,44:27,36.0,5.0,7.0,3.0,0.0,3.0,12.0,25.0,0.48,3.0,7.0,0.429,9.0,11.0,0.818,0.0,5.0,1.0,11.0,44.45,0.54,0.6032171581769437,2.3333333333333335,0.28,0.8098987626546681,0.44,0.11248593925759279,0.15748031496062992,3.0,33.0
42500404,1610612752,NYK,1629011,Mitchell Robinson,,12:59,2.0,5.0,1.0,0.0,2.0,1.0,1.0,5.0,0.2,0.0,0.0,0.0,0.0,4.0,0.0,3.0,2.0,1.0,-14.0,12.983333333333333,0.2,0.14792899408284024,1.0,0.0,0.1540436456996149,0.8,0.38510911424903727,0.07702182284980745,2.0,1.0
42500404,1610612752,NYK,1629013,Landry Shamet,,20:30,0.0,2.0,1.0,0.0,0.0,0.0,0.0,3.0,0.0,0.0,2.0,0.0,0.0,0.0,0.0,0.0,2.0,1.0,-13.0,20.5,0.0,0.0,,0.6666666666666666,0.0,0.0,0.0975609756097561,0.04878048780487805,0.0,0.0
42500404,1610612752,NYK,1630574,Ariel Hukporti,,3:27,0.0,0.0,0.0,0.0,1.0,0.0,0.0,0.0,0.0,0.0,0.0,0.0,0.0,0.0,0.0,0.0,0.0,1.0,3.0,3.45,,,,,0.0,,0.0,0.0,1.0,1.0
42500404,1610612752,NYK,1630631,Jose Alvarado,,15:38,8.0,2.0,3.0,0.0,0.0,1.0,3.0,4.0,0.75,2.0,3.0,0.667,0.0,0.0,0.0,0.0,2.0,5.0,11.0,15.633333333333333,1.0,1.0,3.0,0.75,0.511727078891258,0.0,0.1279317697228145,0.19189765458422176,0.0,11.0
42500404,1610612752,NYK,1630540,Miles McBride,,7:12,0.0,0.0,0.0,0.0,0.0,0.0,0.0,4.0,0.0,0.0,4.0,0.0,0.0,0.0,0.0,0.0,0.0,0.0,-14.0,7.2,0.0,0.0,,1.0,0.0,0.0,0.0,0.0,0.0,-4.0
42500404,1610612752,NYK,1631110,Jeremy Sochan,,2:60,0.0,0.0,0.0,0.0,0.0,0.0,0.0,1.0,0.0,0.0,0.0,0.0,0.0,0.0,0.0,0.0,0.0,0.0,-6.0,3.0,0.0,0.0,,0.0,0.0,0.0,0.0,0.0,0.0,-1.0
42500404,1610612752,NYK,203903,Jordan Clarkson,,4:40,2.0,1.0,0.0,0.0,0.0,2.0,1.0,3.0,0.333,0.0,1.0,0.0,0.0,0.0,0.0,0.0,1.0,3.0,2.0,4.666666666666667,0.3333333333333333,0.3333333333333333,0.0,0.3333333333333333,0.42857142857142855,0.0,0.21428571428571427,0.0,0.0,-1.0
42500404,1610612752,NYK,1642359,Pacôme Dadiet,,,,,,,,,,,,,,,,,,,,,,,,,,,,,,,,
42500404,1610612752,NYK,1642885,Mohamed Diawara,,,,,,,,,,,,,,,,,,,,,,,,,,,,,,,,
42500404,1610612752,NYK,1642278,Tyler Kolek,,,,,,,,,,,,,,,,,,,,,,,,,,,,,,,,
42500405,1610612752,NYK,1628404,Josh Hart,F,39:10,13.0,11.0,2.0,0.0,0.0,1.0,4.0,11.0,0.364,3.0,6.0,0.5,2.0,3.0,0.667,3.0,8.0,3.0,15.0,39.166666666666664,0.5,0.5275974025974026,2.0,0.5454545454545454,0.3319148936170213,0.2727272727272727,0.28085106382978725,0.05106382978723405,0.0,17.0
42500405,1610612752,NYK,1628384,OG Anunoby,F,32:47,11.0,8.0,0.0,3.0,1.0,1.0,3.0,11.0,0.273,1.0,5.0,0.2,4.0,6.0,0.667,0.0,8.0,5.0,2.0,32.78333333333333,0.3181818181818182,0.4032258064516129,0.0,0.45454545454545453,0.33553634977122526,0.5454545454545454,0.24402643619725473,0.0,4.0,12.0
42500405,1610612752,NYK,1626157,Karl-Anthony Towns,C,22:44,2.0,10.0,1.0,3.0,1.0,5.0,1.0,7.0,0.143,0.0,2.0,0.0,0.0,0.0,0.0,1.0,9.0,6.0,-4.0,22.733333333333334,0.14285714285714285,0.14285714285714285,0.2,0.2857142857142857,0.0879765395894428,0.0,0.4398826979472141,0.0439882697947214,4.0,6.0
42500405,1610612752,NYK,1628969,Mikal Bridges,G,38:34,14.0,2.0,4.0,0.0,1.0,0.0,5.0,10.0,0.5,3.0,7.0,0.429,1.0,2.0,0.5,0.0,2.0,1.0,6.0,38.56666666666667,0.65,0.6433823529411764,,0.7,0.3630077787381158,0.2,0.05185825410544511,0.10371650821089022,1.0,15.0
42500405,1610612752,NYK,1628973,Jalen Brunson,G,41:07,45.0,3.0,3.0,2.0,0.0,3.0,14.0,27.0,0.519,4.0,7.0,0.571,13.0,15.0,0.867,1.0,2.0,1.0,10.0,41.11666666666667,0.5925925925925926,0.6696428571428571,1.0,0.25925925925925924,1.0944466963923793,0.5555555555555556,0.0729631130928253,0.0729631130928253,2.0,35.0
42500405,1610612752,NYK,1629013,Landry Shamet,,13:13,5.0,1.0,0.0,0.0,0.0,0.0,2.0,7.0,0.286,1.0,4.0,0.25,0.0,0.0,0.0,0.0,1.0,2.0,-14.0,13.216666666666667,0.35714285714285715,0.35714285714285715,,0.5714285714285714,0.37831021437578816,0.0,0.07566204287515763,0.0,0.0,1.0
42500405,1610612752,NYK,1630631,Jose Alvarado,,11:25,0.0,1.0,0.0,0.0,0.0,0.0,0.0,5.0,0.0,0.0,2.0,0.0,0.0,0.0,0.0,0.0,1.0,1.0,-11.0,11.416666666666666,0.0,0.0,,0.4,0.0,0.0,0.08759124087591241,0.0,0.0,-4.0
42500405,1610612752,NYK,1629011,Mitchell Robinson,,19:59,2.0,10.0,2.0,0.0,0.0,0.0,1.0,2.0,0.5,0.0,0.0,0.0,0.0,2.0,0.0,6.0,4.0,1.0,5.0,19.983333333333334,0.5,0.3472222222222222,,0.0,0.1000834028356964,1.0,0.5004170141784821,0.1000834028356964,0.0,11.0
42500405,1610612752,NYK,1630540,Miles McBride,,12:53,0.0,0.0,1.0,0.0,0.0,0.0,0.0,2.0,0.0,0.0,2.0,0.0,0.0,0.0,0.0,0.0,0.0,1.0,3.0,12.883333333333333,0.0,0.0,,1.0,0.0,0.0,0.0,0.0776196636481242,0.0,-1.0
42500405,1610612752,NYK,1630574,Ariel Hukporti,,1:52,0.0,1.0,1.0,0.0,1.0,0.0,0.0,0.0,0.0,0.0,0.0,0.0,0.0,0.0,0.0,1.0,0.0,0.0,4.0,1.8666666666666667,,,,,0.0,,0.5357142857142857,0.5357142857142857,1.0,3.0
42500405,1610612752,NYK,203903,Jordan Clarkson,,6:07,2.0,1.0,0.0,0.0,0.0,0.0,1.0,5.0,0.2,0.0,2.0,0.0,0.0,0.0,0.0,1.0,0.0,0.0,3.0,6.116666666666666,0.2,0.2,,0.4,0.32697547683923706,0.0,0.16348773841961853,0.0,0.0,-1.0
42500405,1610612752,NYK,1631110,Jeremy Sochan,,0:09,0.0,0.0,0.0,0.0,0.0,0.0,0.0,0.0,0.0,0.0,0.0,0.0,0.0,0.0,0.0,0.0,0.0,0.0,1.0,0.15,,,,,0.0,,0.0,0.0,0.0,0.0
42500405,1610612752,NYK,1642359,Pacôme Dadiet,,,,,,,,,,,,,,,,,,,,,,,,,,,,,,,,
42500405,1610612752,NYK,1642885,Mohamed Diawara,,,,,,,,,,,,,,,,,,,,,,,,,,,,,,,,
42500405,1610612752,NYK,1642278,Tyler Kolek,,,,,,,,,,,,,,,,,,,,,,,,,,,,,,,,
42500405,1610612759,SAS,1630170,Devin Vassell,F,39:12,12.0,7.0,2.0,2.0,1.0,0.0,5.0,8.0,0.625,2.0,5.0,0.4,0.0,0.0,0.0,0.0,7.0,1.0,-11.0,39.2,0.75,0.75,,0.625,0.3061224489795918,0.0,0.17857142857142855,0.0510204081632653,3.0,21.0
42500405,1610612759,SAS,1630577,Julian Champagnie,F,30:40,14.0,7.0,1.0,1.0,0.0,4.0,5.0,9.0,0.556,4.0,8.0,0.5,0.0,0.0,0.0,2.0,5.0,3.0,-10.0,30.666666666666668,0.7777777777777778,0.7777777777777778,0.25,0.8888888888888888,0.45652173913043476,0.0,0.22826086956521738,0.03260869565217391,1.0,15.0
42500405,1610612759,SAS,1641705,Victor Wembanyama,C,37:52,19.0,14.0,2.0,0.0,5.0,2.0,7.0,19.0,0.368,1.0,6.0,0.167,4.0,5.0,0.8,6.0,8.0,3.0,-3.0,37.86666666666667,0.39473684210526316,0.4481132075471698,1.0,0.3157894736842105,0.5017605633802816,0.2631578947368421,0.36971830985915494,0.0528169014084507,5.0,25.0
42500405,1610612759,SAS,1642264,Stephon Castle,G,32:03,6.0,5.0,4.0,1.0,0.0,3.0,1.0,10.0,0.1,0.0,3.0,0.0,4.0,6.0,0.667,1.0,4.0,4.0,-1.0,32.05,0.1,0.23734177215189872,1.3333333333333333,0.3,0.187207488299532,0.6,0.15600624024961,0.12480499219968799,1.0,2.0
42500405,1610612759,SAS,1628368,De'Aaron Fox,G,36:46,7.0,0.0,5.0,2.0,0.0,1.0,3.0,15.0,0.2,1.0,8.0,0.125,0.0,0.0,0.0,0.0,0.0,2.0,1.0,36.766666666666666,0.23333333333333334,0.23333333333333334,5.0,0.5333333333333333,0.19038984587488667,0.0,0.0,0.1359927470534905,2.0,1.0
42500405,1610612759,SAS,1642844,Dylan Harper,,31:07,25.0,5.0,4.0,0.0,1.0,0.0,10.0,19.0,0.526,2.0,4.0,0.5,3.0,6.0,0.5,2.0,3.0,5.0,-12.0,31.116666666666667,0.5789473684210527,0.577634011090573,,0.21052631578947367,0.8034279592929834,0.3157894736842105,0.16068559185859668,0.12854847348687734,1.0,23.0
42500405,1610612759,SAS,1629640,Keldon Johnson,,16:09,7.0,5.0,0.0,0.0,0.0,0.0,2.0,5.0,0.4,2.0,3.0,0.667,1.0,2.0,0.5,2.0,3.0,2.0,17.0,16.15,0.6,0.5952380952380952,,0.6,0.43343653250774,0.4,0.30959752321981426,0.0,0.0,8.0
42500405,1610612759,SAS,1628436,Luke Kornet,,10:15,0.0,2.0,0.0,0.0,0.0,1.0,0.0,1.0,0.0,0.0,0.0,0.0,0.0,0.0,0.0,1.0,1.0,2.0,-3.0,10.25,0.0,0.0,0.0,0.0,0.0,0.0,0.1951219512195122,0.0,0.0,0.0
42500405,1610612759,SAS,1642868,Carter Bryant,,5:56,0.0,2.0,0.0,0.0,0.0,1.0,0.0,0.0,0.0,0.0,0.0,0.0,0.0,0.0,0.0,0.0,2.0,0.0,2.0,5.933333333333334,,,0.0,,0.0,,0.33707865168539325,0.0,0.0,1.0
42500405,1610612759,SAS,203084,Harrison Barnes,,,,,,,,,,,,,,,,,,,,,,,,,,,,,,,,
42500405,1610612759,SAS,202687,Bismack Biyombo,,,,,,,,,,,,,,,,,,,,,,,,,,,,,,,,
42500405,1610612759,SAS,1629162,Jordan McLaughlin,,,,,,,,,,,,,,,,,,,,,,,,,,,,,,,,
42500405,1610612759,SAS,203482,Kelly Olynyk,,,,,,,,,,,,,,,,,,,,,,,,,,,,,,,,
42500405,1610612759,SAS,203486,Mason Plumlee,,,,,,,,,,,,,,,,,,,,,,,,,,,,,,,,
42500405,1610612759,SAS,1630322,Lindy Waters III,,,,,,,,,,,,,,,,,,,,,,,,,,,,,,,,
